t,count,max,mean,min,stddev,p50,p75,p95,p98,p99,p999,mean_rate,m1_rate,m5_rate,m15_rate,rate_unit,duration_unit
1693755512,1000,1.916072,0.250124,0.152461,0.096658,0.229455,0.284977,0.370503,0.445907,0.502170,1.580271,3706.642591,0.000000,0.000000,0.000000,calls/second,milliseconds
