t,count,max,mean,min,stddev,p50,p75,p95,p98,p99,p999,mean_rate,m1_rate,m5_rate,m15_rate,rate_unit,duration_unit
1696072806,1000,43.826166,0.576247,0.241289,2.693225,0.393259,0.431384,0.510951,0.594723,0.909506,43.826166,891.265916,0.000000,0.000000,0.000000,calls/second,milliseconds
