t,count,max,mean,min,stddev,p50,p75,p95,p98,p99,p999,mean_rate,m1_rate,m5_rate,m15_rate,rate_unit,duration_unit
1693755514,1000,1.391197,0.183031,0.112005,0.061390,0.173198,0.204732,0.249600,0.283241,0.308068,1.052227,2520.376081,0.000000,0.000000,0.000000,calls/second,milliseconds
