t,count,max,mean,min,stddev,p50,p75,p95,p98,p99,p999,mean_rate,m1_rate,m5_rate,m15_rate,rate_unit,duration_unit
1696072804,1000,48.133183,0.723300,0.380014,2.752296,0.511159,0.582807,0.779873,1.153017,1.619628,48.133183,876.730657,0.000000,0.000000,0.000000,calls/second,milliseconds
