t,count,max,mean,min,stddev,p50,p75,p95,p98,p99,p999,mean_rate,m1_rate,m5_rate,m15_rate,rate_unit,duration_unit
1696068427,1000,43.440714,0.684698,0.270421,2.710424,0.433084,0.534311,1.019267,1.581647,1.824489,43.440714,1035.093993,0.000000,0.000000,0.000000,calls/second,milliseconds
