t,count,max,mean,min,stddev,p50,p75,p95,p98,p99,p999,mean_rate,m1_rate,m5_rate,m15_rate,rate_unit,duration_unit
1696068429,1000,43.427772,0.430940,0.152302,2.651001,0.234924,0.278746,0.369989,0.794892,0.956938,42.437816,1252.706089,0.000000,0.000000,0.000000,calls/second,milliseconds
