t,count,max,mean,min,stddev,p50,p75,p95,p98,p99,p999,mean_rate,m1_rate,m5_rate,m15_rate,rate_unit,duration_unit
1693755512,1000,47.600225,0.654597,0.235765,2.821906,0.402011,0.483742,1.103525,1.666351,1.886179,45.767797,1066.156295,0.000000,0.000000,0.000000,calls/second,milliseconds
