t,count,max,mean,min,stddev,p50,p75,p95,p98,p99,p999,mean_rate,m1_rate,m5_rate,m15_rate,rate_unit,duration_unit
1696068429,1000,42.960250,0.290524,0.144239,1.356603,0.224050,0.250815,0.320679,0.655120,0.815477,2.578971,914.931152,0.000000,0.000000,0.000000,calls/second,milliseconds
