t,count,max,mean,min,stddev,p50,p75,p95,p98,p99,p999,mean_rate,m1_rate,m5_rate,m15_rate,rate_unit,duration_unit
1696068427,1000,45.768444,0.910674,0.316184,2.820877,0.574974,0.805509,1.943550,2.345242,2.585486,45.768444,523.487334,0.000000,0.000000,0.000000,calls/second,milliseconds
