t,count,max,mean,min,stddev,p50,p75,p95,p98,p99,p999,mean_rate,m1_rate,m5_rate,m15_rate,rate_unit,duration_unit
1693755514,1000,41.362131,0.418433,0.171479,2.568546,0.239972,0.270938,0.362871,0.446174,0.553478,40.923509,1215.562397,0.000000,0.000000,0.000000,calls/second,milliseconds
