t,count,max,mean,min,stddev,p50,p75,p95,p98,p99,p999,mean_rate,m1_rate,m5_rate,m15_rate,rate_unit,duration_unit
1696068429,1000,1.720047,0.200165,0.136023,0.064866,0.191443,0.209119,0.257203,0.292404,0.329424,1.154968,2777.180368,0.000000,0.000000,0.000000,calls/second,milliseconds
