t,count,max,mean,min,stddev,p50,p75,p95,p98,p99,p999,mean_rate,m1_rate,m5_rate,m15_rate,rate_unit,duration_unit
1693755512,1000,44.056457,0.875612,0.297819,2.745738,0.569377,0.731173,1.529681,2.191750,3.008970,44.056457,541.207799,0.000000,0.000000,0.000000,calls/second,milliseconds
