t,count,max,mean,min,stddev,p50,p75,p95,p98,p99,p999,mean_rate,m1_rate,m5_rate,m15_rate,rate_unit,duration_unit
1696068427,1000,1.866106,0.245371,0.144437,0.098427,0.226743,0.271940,0.358773,0.433150,0.518962,1.733343,3695.442009,0.000000,0.000000,0.000000,calls/second,milliseconds
