t,count,max,mean,min,stddev,p50,p75,p95,p98,p99,p999,mean_rate,m1_rate,m5_rate,m15_rate,rate_unit,duration_unit
1696072806,1000,1.554478,0.274528,0.187474,0.063353,0.265947,0.293013,0.362352,0.411770,0.441207,0.608642,1866.074933,0.000000,0.000000,0.000000,calls/second,milliseconds
