t,count,max,mean,min,stddev,p50,p75,p95,p98,p99,p999,mean_rate,m1_rate,m5_rate,m15_rate,rate_unit,duration_unit
1696072806,1000,44.481714,0.425197,0.257875,1.399790,0.365255,0.405232,0.483203,0.522122,0.562144,3.609658,643.196882,0.000000,0.000000,0.000000,calls/second,milliseconds
