t,count,max,mean,min,stddev,p50,p75,p95,p98,p99,p999,mean_rate,m1_rate,m5_rate,m15_rate,rate_unit,duration_unit
1696072804,1000,2.816224,0.379409,0.235089,0.123620,0.365962,0.407415,0.509675,0.564238,0.628543,2.305895,2466.723256,0.000000,0.000000,0.000000,calls/second,milliseconds
