t,count,max,mean,min,stddev,p50,p75,p95,p98,p99,p999,mean_rate,m1_rate,m5_rate,m15_rate,rate_unit,duration_unit
1693755514,1000,44.905193,0.277249,0.128609,1.421525,0.214802,0.244228,0.303389,0.437072,1.051527,44.905193,906.077958,0.000000,0.000000,0.000000,calls/second,milliseconds
