t,count,max,mean,min,stddev,p50,p75,p95,p98,p99,p999,mean_rate,m1_rate,m5_rate,m15_rate,rate_unit,duration_unit
1696072804,1000,45.646713,1.140861,0.399405,2.910048,0.785882,1.133582,1.837008,2.162611,2.740497,45.646713,428.105292,0.000000,0.000000,0.000000,calls/second,milliseconds
