t,count,max,mean,min,stddev,p50,p75,p95,p98,p99,p999,mean_rate,m1_rate,m5_rate,m15_rate,rate_unit,duration_unit
1693649068,100,15.146085,9.443092,7.984341,1.874563,8.801045,9.147454,14.721159,14.893667,15.146085,15.146085,105.309921,0.000000,0.000000,0.000000,calls/second,milliseconds
