t,count,max,mean,min,stddev,p50,p75,p95,p98,p99,p999,mean_rate,m1_rate,m5_rate,m15_rate,rate_unit,duration_unit
1693649081,100,138.018431,106.662689,97.501994,7.174050,104.802791,109.376077,119.707444,130.680271,135.155911,138.018431,9.363850,9.047973,9.009917,9.003324,calls/second,milliseconds
