t,count,max,mean,min,stddev,p50,p75,p95,p98,p99,p999,mean_rate,m1_rate,m5_rate,m15_rate,rate_unit,duration_unit
1693649070,100,29.652736,14.531129,12.280295,2.296071,14.171920,15.025376,16.787363,18.815292,26.809365,29.652736,68.664859,0.000000,0.000000,0.000000,calls/second,milliseconds
