t,count,max,mean,min,stddev,p50,p75,p95,p98,p99,p999,mean_rate,m1_rate,m5_rate,m15_rate,rate_unit,duration_unit
1693413897,100,19.913255,13.263860,11.705554,1.429269,12.751605,14.106987,15.653396,16.419077,17.197030,19.913255,75.183573,0.000000,0.000000,0.000000,calls/second,milliseconds
