t,count,max,mean,min,stddev,p50,p75,p95,p98,p99,p999,mean_rate,m1_rate,m5_rate,m15_rate,rate_unit,duration_unit
1693413907,100,115.448327,102.284678,99.428471,2.633554,101.394527,102.798422,107.286780,110.400401,111.226459,115.448327,9.769334,9.615991,9.603306,9.601108,calls/second,milliseconds
