t,count,max,mean,min,stddev,p50,p75,p95,p98,p99,p999,mean_rate,m1_rate,m5_rate,m15_rate,rate_unit,duration_unit
1693649071,1000,5.676437,0.693828,0.497264,0.350049,0.623471,0.665761,1.003872,1.075056,1.223376,5.051359,1421.181048,0.000000,0.000000,0.000000,calls/second,milliseconds
