t,count,max,mean,min,stddev,p50,p75,p95,p98,p99,p999,mean_rate,m1_rate,m5_rate,m15_rate,rate_unit,duration_unit
1696067196,1000,2.605398,0.526119,0.340822,0.114267,0.515803,0.583523,0.681004,0.755569,0.801277,1.031007,965.277687,0.000000,0.000000,0.000000,calls/second,milliseconds
