t,count,max,mean,min,stddev,p50,p75,p95,p98,p99,p999,mean_rate,m1_rate,m5_rate,m15_rate,rate_unit,duration_unit
1696067350,1000,141.199296,76.419479,0.996185,5.712894,74.733212,77.050158,84.431770,91.623312,98.957304,136.010348,6.543575,3.806522,9.945997,11.647445,calls/second,milliseconds
