t,count,max,mean,min,stddev,p50,p75,p95,p98,p99,p999,mean_rate,m1_rate,m5_rate,m15_rate,rate_unit,duration_unit
1696072543,1000,1.239963,0.425643,0.326520,0.069538,0.411908,0.448795,0.529297,0.579655,0.633463,1.175385,2168.023274,0.000000,0.000000,0.000000,calls/second,milliseconds
