t,count,max,mean,min,stddev,p50,p75,p95,p98,p99,p999,mean_rate,m1_rate,m5_rate,m15_rate,rate_unit,duration_unit
1696067350,1000,43.766462,0.809317,0.421538,1.691312,0.598462,0.691686,1.299029,2.002577,4.162727,21.298020,6.508347,17.843703,123.344843,170.239498,calls/second,milliseconds
