t,count,max,mean,min,stddev,p50,p75,p95,p98,p99,p999,mean_rate,m1_rate,m5_rate,m15_rate,rate_unit,duration_unit
1693679184,1000,1.352316,0.437709,0.285462,0.081076,0.431778,0.491206,0.571570,0.600538,0.624534,0.681055,37.352048,143.306262,187.101397,195.604574,calls/second,milliseconds
