t,count,max,mean,min,stddev,p50,p75,p95,p98,p99,p999,mean_rate,m1_rate,m5_rate,m15_rate,rate_unit,duration_unit
1696072652,1000,1.305131,0.522184,0.395319,0.066627,0.515349,0.551814,0.619705,0.669469,0.732478,1.065943,9.200943,37.775121,143.306262,178.967863,calls/second,milliseconds
