t,count,max,mean,min,stddev,p50,p75,p95,p98,p99,p999,mean_rate,m1_rate,m5_rate,m15_rate,rate_unit,duration_unit
1693679184,1000,26.921391,12.989540,0.616398,1.716867,12.642208,13.329367,15.468208,19.016656,20.930794,26.872096,37.985799,62.300199,72.876523,74.812268,calls/second,milliseconds
