t,count,max,mean,min,stddev,p50,p75,p95,p98,p99,p999,mean_rate,m1_rate,m5_rate,m15_rate,rate_unit,duration_unit
1693679157,1000,1.263162,0.473573,0.315367,0.092114,0.466416,0.522252,0.609891,0.661290,0.752404,1.218028,1926.599570,0.000000,0.000000,0.000000,calls/second,milliseconds
