t,count,max,mean,min,stddev,p50,p75,p95,p98,p99,p999,mean_rate,m1_rate,m5_rate,m15_rate,rate_unit,duration_unit
1696072543,1000,1.974685,0.571908,0.414242,0.098989,0.555180,0.611492,0.720566,0.786873,0.906568,1.352604,941.789973,0.000000,0.000000,0.000000,calls/second,milliseconds
