t,count,max,mean,min,stddev,p50,p75,p95,p98,p99,p999,mean_rate,m1_rate,m5_rate,m15_rate,rate_unit,duration_unit
1693679184,1000,33.362203,13.052810,0.663410,2.264770,12.448092,13.398711,16.724117,20.788229,22.301283,28.935671,75.151393,73.447751,73.092560,73.031025,calls/second,milliseconds
