t,count,max,mean,min,stddev,p50,p75,p95,p98,p99,p999,mean_rate,m1_rate,m5_rate,m15_rate,rate_unit,duration_unit
1696072543,1000,167.675890,1.014055,0.472013,5.262263,0.724961,0.878273,1.583544,2.332927,2.641195,7.421320,463.673813,0.000000,0.000000,0.000000,calls/second,milliseconds
