t,count,max,mean,min,stddev,p50,p75,p95,p98,p99,p999,mean_rate,m1_rate,m5_rate,m15_rate,rate_unit,duration_unit
1696072652,1000,86.267741,53.613560,0.820263,3.668550,52.682407,53.958465,59.400620,63.828622,70.116607,82.999649,18.596666,18.711984,18.777980,18.792372,calls/second,milliseconds
