t,count,max,mean,min,stddev,p50,p75,p95,p98,p99,p999,mean_rate,m1_rate,m5_rate,m15_rate,rate_unit,duration_unit
1696072652,1000,108.746354,54.109548,1.183248,5.262244,52.721333,53.951527,62.433131,72.186378,80.892883,98.367288,9.246480,7.832961,15.121633,16.859514,calls/second,milliseconds
