t,count,max,mean,min,stddev,p50,p75,p95,p98,p99,p999,mean_rate,m1_rate,m5_rate,m15_rate,rate_unit,duration_unit
1696067196,1000,1.203311,0.444199,0.330869,0.066166,0.436007,0.470991,0.533459,0.589403,0.654389,1.085760,2066.831595,0.000000,0.000000,0.000000,calls/second,milliseconds
