t,count,max,mean,min,stddev,p50,p75,p95,p98,p99,p999,mean_rate,m1_rate,m5_rate,m15_rate,rate_unit,duration_unit
1696067350,1000,123.823883,76.232801,0.682222,5.770232,74.548453,76.965772,84.738013,93.239160,101.126292,123.823883,13.097191,13.108204,13.032761,13.011767,calls/second,milliseconds
