t,count,max,mean,min,stddev,p50,p75,p95,p98,p99,p999,mean_rate,m1_rate,m5_rate,m15_rate,rate_unit,duration_unit
1693679157,1000,13.080980,0.660547,0.404443,0.643861,0.586581,0.652762,0.818037,1.030412,2.075350,8.785416,829.379616,0.000000,0.000000,0.000000,calls/second,milliseconds
