t,count,max,mean,min,stddev,p50,p75,p95,p98,p99,p999,mean_rate,m1_rate,m5_rate,m15_rate,rate_unit,duration_unit
1693679157,1000,183.739444,1.077571,0.504114,5.793720,0.754135,0.947200,1.682356,2.554239,2.816093,8.908096,418.466405,0.000000,0.000000,0.000000,calls/second,milliseconds
