t,count,max,mean,min,stddev,p50,p75,p95,p98,p99,p999,mean_rate,m1_rate,m5_rate,m15_rate,rate_unit,duration_unit
1696067196,1000,188.987915,0.996957,0.438853,5.941270,0.709752,0.858843,1.396872,1.864037,2.312605,6.679250,475.931776,0.000000,0.000000,0.000000,calls/second,milliseconds
