t,count,max,mean,min,stddev,p50,p75,p95,p98,p99,p999,mean_rate,m1_rate,m5_rate,m15_rate,rate_unit,duration_unit
1696072771,100,15.705106,9.658072,8.034824,1.311469,9.367802,10.424352,11.473568,12.700423,14.344268,15.705106,0.846564,3.197595,13.860812,17.699034,calls/second,milliseconds
