t,count,max,mean,min,stddev,p50,p75,p95,p98,p99,p999,mean_rate,m1_rate,m5_rate,m15_rate,rate_unit,duration_unit
1696067474,100,298.746938,259.201636,246.124804,13.261927,253.108100,263.757207,289.465604,296.448355,298.746938,298.746938,0.814170,0.797393,2.780744,3.424335,calls/second,milliseconds
