t,count,max,mean,min,stddev,p50,p75,p95,p98,p99,p999,mean_rate,m1_rate,m5_rate,m15_rate,rate_unit,duration_unit
1696067474,100,18.110422,10.016768,7.559669,2.147373,9.543829,10.485269,15.041493,17.259333,18.110422,18.110422,0.807519,2.941929,13.631713,17.600978,calls/second,milliseconds
