t,count,max,mean,min,stddev,p50,p75,p95,p98,p99,p999,mean_rate,m1_rate,m5_rate,m15_rate,rate_unit,duration_unit
1696072771,100,266.953988,210.088384,201.940142,10.403043,206.988590,210.124444,227.821684,257.522762,257.522762,266.953988,0.853608,0.971255,3.370790,4.147180,calls/second,milliseconds
