t,count,max,mean,min,stddev,p50,p75,p95,p98,p99,p999,mean_rate,m1_rate,m5_rate,m15_rate,rate_unit,duration_unit
1696072771,100,1078.535247,923.511660,881.004194,41.255491,903.776572,936.551331,1010.610214,1014.045618,1049.667366,1078.535247,1.040270,1.023991,1.008556,1.003163,calls/second,milliseconds
