t,count,max,mean,min,stddev,p50,p75,p95,p98,p99,p999,mean_rate,m1_rate,m5_rate,m15_rate,rate_unit,duration_unit
1696067474,100,1045.756508,907.534293,854.373619,49.403719,886.015104,929.871832,1016.482638,1044.981926,1045.756508,1045.756508,1.031950,1.031103,1.008959,1.003211,calls/second,milliseconds
