t,count,max,mean,min,stddev,p50,p75,p95,p98,p99,p999,mean_rate,m1_rate,m5_rate,m15_rate,rate_unit,duration_unit
1693413809,1000,1.937464,0.229817,0.155979,0.089996,0.217150,0.237081,0.296215,0.387081,0.442290,1.541123,3860.497793,0.000000,0.000000,0.000000,calls/second,milliseconds
