t,count,max,mean,min,stddev,p50,p75,p95,p98,p99,p999,mean_rate,m1_rate,m5_rate,m15_rate,rate_unit,duration_unit
1693649041,1000,16.981119,0.695441,0.417878,0.644999,0.616391,0.690095,0.908857,1.403564,2.792999,16.981119,788.604620,0.000000,0.000000,0.000000,calls/second,milliseconds
