t,count,max,mean,min,stddev,p50,p75,p95,p98,p99,p999,mean_rate,m1_rate,m5_rate,m15_rate,rate_unit,duration_unit
1693413809,1000,3.423749,0.299983,0.173108,0.147358,0.284030,0.330442,0.405804,0.492490,0.602491,2.078636,1755.781648,0.000000,0.000000,0.000000,calls/second,milliseconds
