t,count,max,mean,min,stddev,p50,p75,p95,p98,p99,p999,mean_rate,m1_rate,m5_rate,m15_rate,rate_unit,duration_unit
1693413809,1000,102.874884,0.618823,0.261335,3.252634,0.414964,0.518726,1.190316,1.562085,2.147913,6.332591,811.394786,0.000000,0.000000,0.000000,calls/second,milliseconds
