t,count,max,mean,min,stddev,p50,p75,p95,p98,p99,p999,mean_rate,m1_rate,m5_rate,m15_rate,rate_unit,duration_unit
1693649041,1000,11.372398,0.501019,0.305952,0.490725,0.453155,0.493140,0.600869,0.792234,1.164222,6.459582,1808.161814,0.000000,0.000000,0.000000,calls/second,milliseconds
