t,count,max,mean,min,stddev,p50,p75,p95,p98,p99,p999,mean_rate,m1_rate,m5_rate,m15_rate,rate_unit,duration_unit
1693649041,1000,184.578176,1.154600,0.532617,5.835280,0.794102,0.950586,1.869257,2.638652,3.242672,22.145285,399.218375,0.000000,0.000000,0.000000,calls/second,milliseconds
