t,count,max,mean,min,stddev,p50,p75,p95,p98,p99,p999,mean_rate,m1_rate,m5_rate,m15_rate,rate_unit,duration_unit
1693649083,200,18.425173,8.629962,7.218824,1.024596,8.595532,8.898533,9.670652,11.149727,13.183523,18.425173,115.111582,0.000000,0.000000,0.000000,calls/second,milliseconds
