t,count,max,mean,min,stddev,p50,p75,p95,p98,p99,p999,mean_rate,m1_rate,m5_rate,m15_rate,rate_unit,duration_unit
1696067490,100,11.563279,1.914589,1.533241,1.035079,1.756410,1.897082,2.102000,2.796923,4.898824,11.563279,514.860851,0.000000,0.000000,0.000000,calls/second,milliseconds
