t,count,max,mean,min,stddev,p50,p75,p95,p98,p99,p999,mean_rate,m1_rate,m5_rate,m15_rate,rate_unit,duration_unit
1696072772,100,13.899257,8.872664,7.267380,1.805843,8.005514,9.446474,13.500338,13.600285,13.832408,13.899257,112.264369,0.000000,0.000000,0.000000,calls/second,milliseconds
