t,count,max,mean,min,stddev,p50,p75,p95,p98,p99,p999,mean_rate,m1_rate,m5_rate,m15_rate,rate_unit,duration_unit
1693679187,100,19.549573,14.412657,12.448278,1.260049,14.199811,14.982609,16.467849,17.093319,18.938233,19.549573,69.234131,0.000000,0.000000,0.000000,calls/second,milliseconds
