t,count,max,mean,min,stddev,p50,p75,p95,p98,p99,p999,mean_rate,m1_rate,m5_rate,m15_rate,rate_unit,duration_unit
1696072787,100,28.075364,2.066947,1.420169,2.666779,1.633016,1.820940,2.654849,4.357889,4.677201,28.075364,477.505086,0.000000,0.000000,0.000000,calls/second,milliseconds
