t,count,max,mean,min,stddev,p50,p75,p95,p98,p99,p999,mean_rate,m1_rate,m5_rate,m15_rate,rate_unit,duration_unit
1696072791,100,58.613645,41.006987,37.404951,3.465811,39.868377,41.921930,47.245230,54.355028,58.613645,58.613645,24.357696,0.000000,0.000000,0.000000,calls/second,milliseconds
