t,count,max,mean,min,stddev,p50,p75,p95,p98,p99,p999,mean_rate,m1_rate,m5_rate,m15_rate,rate_unit,duration_unit
1696067490,200,14.722333,9.806233,7.760758,1.231292,9.795364,10.181607,12.503647,13.320243,13.926102,14.722333,101.495283,0.000000,0.000000,0.000000,calls/second,milliseconds
