t,count,max,mean,min,stddev,p50,p75,p95,p98,p99,p999,mean_rate,m1_rate,m5_rate,m15_rate,rate_unit,duration_unit
1693679206,100,78.935387,47.871885,42.054078,5.697990,46.367514,48.861694,56.094166,64.496134,78.883150,78.935387,20.855652,0.000000,0.000000,0.000000,calls/second,milliseconds
