t,count,max,mean,min,stddev,p50,p75,p95,p98,p99,p999,mean_rate,m1_rate,m5_rate,m15_rate,rate_unit,duration_unit
1696072785,100,165.122662,114.317986,107.670327,8.737741,111.212668,116.319144,127.983386,142.986427,152.006398,165.122662,8.740675,8.615991,8.603306,8.601108,calls/second,milliseconds
