t,count,max,mean,min,stddev,p50,p75,p95,p98,p99,p999,mean_rate,m1_rate,m5_rate,m15_rate,rate_unit,duration_unit
1696067488,100,6.538829,4.154563,3.246299,0.593284,4.022528,4.443389,5.308166,5.396967,5.401512,6.538829,239.182059,0.000000,0.000000,0.000000,calls/second,milliseconds
