t,count,max,mean,min,stddev,p50,p75,p95,p98,p99,p999,mean_rate,m1_rate,m5_rate,m15_rate,rate_unit,duration_unit
1696067495,100,64.081200,45.722951,39.874993,3.372472,45.148711,46.939454,50.545913,54.945915,56.313410,64.081200,21.840273,0.000000,0.000000,0.000000,calls/second,milliseconds
