t,count,max,mean,min,stddev,p50,p75,p95,p98,p99,p999,mean_rate,m1_rate,m5_rate,m15_rate,rate_unit,duration_unit
1693679188,1000,9.040680,0.754804,0.482078,0.425549,0.687267,0.754050,1.090448,1.140696,1.413821,5.978047,1306.939809,0.000000,0.000000,0.000000,calls/second,milliseconds
