t,count,max,mean,min,stddev,p50,p75,p95,p98,p99,p999,mean_rate,m1_rate,m5_rate,m15_rate,rate_unit,duration_unit
1693679201,200,14.227623,8.675375,7.514359,0.885912,8.602396,8.916103,10.116932,12.267951,13.137406,14.227623,114.382000,0.000000,0.000000,0.000000,calls/second,milliseconds
