t,count,max,mean,min,stddev,p50,p75,p95,p98,p99,p999,mean_rate,m1_rate,m5_rate,m15_rate,rate_unit,duration_unit
1696072785,100,5.769592,2.975339,2.083781,0.683135,2.715216,3.132603,4.270606,4.512802,4.751751,5.769592,333.258362,0.000000,0.000000,0.000000,calls/second,milliseconds
