t,count,max,mean,min,stddev,p50,p75,p95,p98,p99,p999,mean_rate,m1_rate,m5_rate,m15_rate,rate_unit,duration_unit
1696067476,100,28.217276,13.829544,11.378174,2.999070,13.011963,13.843965,23.833169,25.225777,28.217276,28.217276,72.172493,0.000000,0.000000,0.000000,calls/second,milliseconds
