t,count,max,mean,min,stddev,p50,p75,p95,p98,p99,p999,mean_rate,m1_rate,m5_rate,m15_rate,rate_unit,duration_unit
1696072787,100,3.594952,1.147889,0.992415,0.287658,1.090801,1.136816,1.293858,1.334822,2.383226,3.594952,853.723852,0.000000,0.000000,0.000000,calls/second,milliseconds
