t,count,max,mean,min,stddev,p50,p75,p95,p98,p99,p999,mean_rate,m1_rate,m5_rate,m15_rate,rate_unit,duration_unit
1696072773,100,16.876178,9.841621,8.342380,1.700664,9.125345,10.461126,13.591627,14.769409,16.876178,16.876178,101.341326,0.000000,0.000000,0.000000,calls/second,milliseconds
