t,count,max,mean,min,stddev,p50,p75,p95,p98,p99,p999,mean_rate,m1_rate,m5_rate,m15_rate,rate_unit,duration_unit
1696067491,100,3.642674,1.102562,0.923010,0.347540,0.992099,1.069621,1.568531,1.931256,2.616140,3.642674,888.412755,0.000000,0.000000,0.000000,calls/second,milliseconds
