t,count,max,mean,min,stddev,p50,p75,p95,p98,p99,p999,mean_rate,m1_rate,m5_rate,m15_rate,rate_unit,duration_unit
1696067488,100,133.938164,105.784020,96.352762,9.939610,100.610794,107.805362,129.339714,132.510903,133.938164,133.938164,9.459245,9.415991,9.403306,9.401108,calls/second,milliseconds
