t,count,max,mean,min,stddev,p50,p75,p95,p98,p99,p999,mean_rate,m1_rate,m5_rate,m15_rate,rate_unit,duration_unit
1693679201,100,11.968638,2.254845,1.773641,1.049891,2.064003,2.298221,3.051926,3.373378,4.095722,11.968638,438.339822,0.000000,0.000000,0.000000,calls/second,milliseconds
