t,count,max,mean,min,stddev,p50,p75,p95,p98,p99,p999,mean_rate,m1_rate,m5_rate,m15_rate,rate_unit,duration_unit
1696072773,1000,3.644061,0.530368,0.361568,0.186310,0.496422,0.535297,0.781490,0.853162,0.870102,3.252672,1859.781035,0.000000,0.000000,0.000000,calls/second,milliseconds
