t,count,max,mean,min,stddev,p50,p75,p95,p98,p99,p999,mean_rate,m1_rate,m5_rate,m15_rate,rate_unit,duration_unit
1696072787,200,14.384245,8.365134,7.506706,0.638342,8.420671,8.619060,8.959152,9.161951,9.358979,14.384245,119.021417,0.000000,0.000000,0.000000,calls/second,milliseconds
