t,count,max,mean,min,stddev,p50,p75,p95,p98,p99,p999,mean_rate,m1_rate,m5_rate,m15_rate,rate_unit,duration_unit
1693679198,100,140.284386,106.959715,97.643606,7.126595,104.950655,109.895994,119.744106,125.047844,126.935527,140.284386,9.339506,9.215991,9.203306,9.201108,calls/second,milliseconds
