t,count,max,mean,min,stddev,p50,p75,p95,p98,p99,p999,mean_rate,m1_rate,m5_rate,m15_rate,rate_unit,duration_unit
1696067475,100,14.306782,8.435634,7.120788,1.631391,7.757576,8.398154,13.055414,13.817430,13.853032,14.306782,117.887696,0.000000,0.000000,0.000000,calls/second,milliseconds
