t,count,max,mean,min,stddev,p50,p75,p95,p98,p99,p999,mean_rate,m1_rate,m5_rate,m15_rate,rate_unit,duration_unit
1696067477,1000,17.094450,0.857853,0.513170,0.795367,0.728872,0.827919,1.304953,1.574108,2.381766,17.094450,1152.443864,0.000000,0.000000,0.000000,calls/second,milliseconds
