t,count,max,mean,min,stddev,p50,p75,p95,p98,p99,p999,mean_rate,m1_rate,m5_rate,m15_rate,rate_unit,duration_unit
1693679186,100,20.259203,10.939037,8.540037,2.557389,10.099177,11.333146,17.721549,19.184388,19.214538,20.259203,90.811310,0.000000,0.000000,0.000000,calls/second,milliseconds
