t,count,max,mean,min,stddev,p50,p75,p95,p98,p99,p999,mean_rate,m1_rate,m5_rate,m15_rate,rate_unit,duration_unit
1693413896,1000,1.131029,0.206484,0.141524,0.051033,0.197301,0.224167,0.268704,0.288037,0.305006,0.846688,11.593228,52.719428,153.185668,182.989446,calls/second,milliseconds
