t,count,max,mean,min,stddev,p50,p75,p95,p98,p99,p999,mean_rate,m1_rate,m5_rate,m15_rate,rate_unit,duration_unit
1693649067,1000,22.585533,12.820620,1.055015,1.731200,12.379287,13.218799,15.767686,19.209212,20.650231,22.585533,38.962923,62.553245,73.244014,75.201249,calls/second,milliseconds
