t,count,max,mean,min,stddev,p50,p75,p95,p98,p99,p999,mean_rate,m1_rate,m5_rate,m15_rate,rate_unit,duration_unit
1693649067,1000,23.350106,12.627337,0.637572,1.618019,12.218343,12.989412,15.228501,18.314688,20.217700,23.350106,78.023395,79.808107,79.960331,79.986704,calls/second,milliseconds
