t,count,max,mean,min,stddev,p50,p75,p95,p98,p99,p999,mean_rate,m1_rate,m5_rate,m15_rate,rate_unit,duration_unit
1693413896,1000,75.455259,42.767992,0.750684,2.222216,42.537382,42.991397,44.518721,46.788090,49.153951,75.455259,23.271415,23.279404,23.219040,23.206557,calls/second,milliseconds
