t,count,max,mean,min,stddev,p50,p75,p95,p98,p99,p999,mean_rate,m1_rate,m5_rate,m15_rate,rate_unit,duration_unit
1693649067,1000,19.489827,0.585874,0.319486,0.719752,0.523285,0.577846,0.696729,0.945026,1.641836,7.899213,38.077495,143.306262,187.101397,195.604574,calls/second,milliseconds
