t,count,max,mean,min,stddev,p50,p75,p95,p98,p99,p999,mean_rate,m1_rate,m5_rate,m15_rate,rate_unit,duration_unit
1693413896,1000,52.678901,43.141278,0.530710,2.142086,43.239675,43.840380,45.198708,46.393255,47.130446,48.449994,11.621559,11.927164,21.380857,23.600495,calls/second,milliseconds
