t,count,max,mean,min,stddev,p50,p75,p95,p98,p99,p999,mean_rate,m1_rate,m5_rate,m15_rate,rate_unit,duration_unit
1693649083,100,6.739597,2.292302,1.797362,0.696218,2.049756,2.350600,3.250784,3.390634,5.911837,6.739597,430.216195,0.000000,0.000000,0.000000,calls/second,milliseconds
