t,count,max,mean,min,stddev,p50,p75,p95,p98,p99,p999,mean_rate,m1_rate,m5_rate,m15_rate,rate_unit,duration_unit
1693413908,100,4.212247,0.976873,0.812933,0.413236,0.890553,0.922024,1.210894,1.423739,3.270641,4.212247,999.556237,0.000000,0.000000,0.000000,calls/second,milliseconds
