t,count,max,mean,min,stddev,p50,p75,p95,p98,p99,p999,mean_rate,m1_rate,m5_rate,m15_rate,rate_unit,duration_unit
1693649083,100,3.487591,1.198423,1.031660,0.297580,1.138268,1.186299,1.423222,1.737784,2.679453,3.487591,815.673512,0.000000,0.000000,0.000000,calls/second,milliseconds
