t,count,max,mean,min,stddev,p50,p75,p95,p98,p99,p999,mean_rate,m1_rate,m5_rate,m15_rate,rate_unit,duration_unit
1693649088,100,82.115754,47.541464,41.372725,5.828587,46.227132,48.871610,55.787551,73.757243,82.115754,82.115754,21.007996,0.000000,0.000000,0.000000,calls/second,milliseconds
