t,count,max,mean,min,stddev,p50,p75,p95,p98,p99,p999,mean_rate,m1_rate,m5_rate,m15_rate,rate_unit,duration_unit
1693413912,100,56.483152,45.789270,44.095740,1.537910,45.438823,46.266249,47.981974,49.003148,49.816253,56.483152,21.822813,0.000000,0.000000,0.000000,calls/second,milliseconds
