t,count,max,mean,min,stddev,p50,p75,p95,p98,p99,p999,mean_rate,m1_rate,m5_rate,m15_rate,rate_unit,duration_unit
1542576913,19690,9248.580000,237.837831,161.648000,306.685997,196.307000,219.025000,423.197000,554.845000,706.298000,2764.613000,690.145087,2821.700301,3684.026507,3851.454072,calls/second,microseconds
