t,count,max,mean,min,stddev,p50,p75,p95,p98,p99,p999,mean_rate,m1_rate,m5_rate,m15_rate,rate_unit,duration_unit
1542576913,49910,335.529000,190.237024,163.978000,18.761816,187.569000,197.182000,221.938000,247.860000,263.005000,323.004000,4888.204663,5008.473848,5011.112412,5011.569530,calls/second,microseconds
