t,count,max,mean,min,stddev,p50,p75,p95,p98,p99,p999,mean_rate,m1_rate,m5_rate,m15_rate,rate_unit,duration_unit
1542576913,45838,5645.146000,199.759602,165.143000,167.369588,191.356000,202.133000,233.589000,259.802000,280.772000,359.120000,2198.823441,3839.995772,4380.777470,4477.992016,calls/second,microseconds
