t,count,max,mean,min,stddev,p50,p75,p95,p98,p99,p999,mean_rate,m1_rate,m5_rate,m15_rate,rate_unit,duration_unit
1693648969,100,12.727565,3.709313,2.664093,1.234012,3.333851,4.154201,4.528959,5.406671,9.396295,12.727565,264.739330,0.000000,0.000000,0.000000,calls/second,milliseconds
