t,count,max,mean,min,stddev,p50,p75,p95,p98,p99,p999,mean_rate,m1_rate,m5_rate,m15_rate,rate_unit,duration_unit
1693413113,100,21.746575,11.091569,9.654857,1.701641,10.620363,11.250846,15.070239,16.297524,17.625354,21.746575,89.821347,0.000000,0.000000,0.000000,calls/second,milliseconds
