t,count,max,mean,min,stddev,p50,p75,p95,p98,p99,p999,mean_rate,m1_rate,m5_rate,m15_rate,rate_unit,duration_unit
1693648976,100,83.169189,49.175585,45.337856,4.959950,47.737674,49.854200,56.584608,65.034453,83.169189,83.169189,20.313426,0.000000,0.000000,0.000000,calls/second,milliseconds
