t,count,max,mean,min,stddev,p50,p75,p95,p98,p99,p999,mean_rate,m1_rate,m5_rate,m15_rate,rate_unit,duration_unit
1693413118,100,78.962281,45.284533,40.311745,5.523389,43.618682,46.641999,54.469274,67.914874,67.914874,78.962281,22.067501,0.000000,0.000000,0.000000,calls/second,milliseconds
