t,count,max,mean,min,stddev,p50,p75,p95,p98,p99,p999,mean_rate,m1_rate,m5_rate,m15_rate,rate_unit,duration_unit
1693648970,100,39.495700,13.856634,11.135920,3.836283,12.774702,13.837324,21.033525,24.578144,25.478892,39.495700,71.969515,0.000000,0.000000,0.000000,calls/second,milliseconds
