t,count,max,mean,min,stddev,p50,p75,p95,p98,p99,p999,mean_rate,m1_rate,m5_rate,m15_rate,rate_unit,duration_unit
1696072233,1000,7.392036,1.099795,0.520856,0.315435,1.025577,1.180703,1.522085,1.711368,1.945564,7.392036,493.742762,0.000000,0.000000,0.000000,calls/second,milliseconds
