t,count,max,mean,min,stddev,p50,p75,p95,p98,p99,p999,mean_rate,m1_rate,m5_rate,m15_rate,rate_unit,duration_unit
1693679083,1000,17.575020,0.954369,0.670473,1.072824,0.822546,0.917908,1.208022,1.306599,1.565681,17.031709,584.502315,0.000000,0.000000,0.000000,calls/second,milliseconds
