t,count,max,mean,min,stddev,p50,p75,p95,p98,p99,p999,mean_rate,m1_rate,m5_rate,m15_rate,rate_unit,duration_unit
1696066841,1000,3.508523,1.089823,0.778697,0.201250,1.033741,1.203370,1.460000,1.555350,1.658606,2.311903,270.484317,0.000000,0.000000,0.000000,calls/second,milliseconds
