t,count,max,mean,min,stddev,p50,p75,p95,p98,p99,p999,mean_rate,m1_rate,m5_rate,m15_rate,rate_unit,duration_unit
1696066836,1000,21.369524,1.180079,0.725233,1.518193,0.938224,1.063898,1.425516,2.214666,7.441265,16.908147,828.959807,0.000000,0.000000,0.000000,calls/second,milliseconds
