t,count,max,mean,min,stddev,p50,p75,p95,p98,p99,p999,mean_rate,m1_rate,m5_rate,m15_rate,rate_unit,duration_unit
1696072233,1000,286.930800,1.896528,0.912262,9.008092,1.492088,1.762324,2.411514,3.015295,3.609934,10.660931,250.254298,0.000000,0.000000,0.000000,calls/second,milliseconds
