t,count,max,mean,min,stddev,p50,p75,p95,p98,p99,p999,mean_rate,m1_rate,m5_rate,m15_rate,rate_unit,duration_unit
1693679083,1000,5.310031,1.015236,0.734255,0.218551,0.968844,1.073611,1.341817,1.431168,1.518769,5.310031,270.137531,0.000000,0.000000,0.000000,calls/second,milliseconds
