t,count,max,mean,min,stddev,p50,p75,p95,p98,p99,p999,mean_rate,m1_rate,m5_rate,m15_rate,rate_unit,duration_unit
1693679078,1000,16.157688,0.946803,0.445620,0.888615,0.845636,0.912517,1.196320,1.375356,1.615828,16.041509,1026.015070,0.000000,0.000000,0.000000,calls/second,milliseconds
