t,count,max,mean,min,stddev,p50,p75,p95,p98,p99,p999,mean_rate,m1_rate,m5_rate,m15_rate,rate_unit,duration_unit
1693679078,1000,18.683453,1.386298,0.593959,1.190523,1.209561,1.439491,1.901622,2.331831,4.690771,18.655905,419.090652,0.000000,0.000000,0.000000,calls/second,milliseconds
