t,count,max,mean,min,stddev,p50,p75,p95,p98,p99,p999,mean_rate,m1_rate,m5_rate,m15_rate,rate_unit,duration_unit
1693679078,1000,209.091529,2.012157,1.058248,6.576324,1.643349,1.912519,2.650720,3.575254,5.274750,16.811471,222.746842,0.000000,0.000000,0.000000,calls/second,milliseconds
