t,count,max,mean,min,stddev,p50,p75,p95,p98,p99,p999,mean_rate,m1_rate,m5_rate,m15_rate,rate_unit,duration_unit
1696066836,1000,191.663013,2.096549,1.026005,5.965491,1.849707,2.149597,2.722458,3.438221,3.757341,11.278684,213.455679,0.000000,0.000000,0.000000,calls/second,milliseconds
