t,count,max,mean,min,stddev,p50,p75,p95,p98,p99,p999,mean_rate,m1_rate,m5_rate,m15_rate,rate_unit,duration_unit
1696066836,1000,7.250240,1.276795,0.597286,0.308990,1.224676,1.399333,1.723837,1.910782,1.999543,2.985936,399.195368,0.000000,0.000000,0.000000,calls/second,milliseconds
