t,count,max,mean,min,stddev,p50,p75,p95,p98,p99,p999,mean_rate,m1_rate,m5_rate,m15_rate,rate_unit,duration_unit
1696072238,1000,5.567612,0.835094,0.334015,0.200277,0.794889,0.860974,1.131506,1.186981,1.228799,1.886902,422.270740,0.000000,0.000000,0.000000,calls/second,milliseconds
