t,count,max,mean,min,stddev,p50,p75,p95,p98,p99,p999,mean_rate,m1_rate,m5_rate,m15_rate,rate_unit,duration_unit
1696072238,1000,5.207922,0.811757,0.579601,0.197564,0.755959,0.833003,1.093507,1.151230,1.188853,2.028210,655.954655,0.000000,0.000000,0.000000,calls/second,milliseconds
