t,count,max,mean,min,stddev,p50,p75,p95,p98,p99,p999,mean_rate,m1_rate,m5_rate,m15_rate,rate_unit,duration_unit
1696066841,1000,3.825433,0.891446,0.344857,0.168073,0.848828,0.930766,1.187388,1.262313,1.313769,3.825433,384.923099,0.000000,0.000000,0.000000,calls/second,milliseconds
