t,count,max,mean,min,stddev,p50,p75,p95,p98,p99,p999,mean_rate,m1_rate,m5_rate,m15_rate,rate_unit,duration_unit
1696072238,1000,2.671610,1.146331,0.723810,0.242827,1.110938,1.296760,1.596100,1.720537,1.815700,2.151046,283.585597,0.000000,0.000000,0.000000,calls/second,milliseconds
