t,count,max,mean,min,stddev,p50,p75,p95,p98,p99,p999,mean_rate,m1_rate,m5_rate,m15_rate,rate_unit,duration_unit
1696072233,1000,6.171417,0.881192,0.659356,0.209259,0.845912,0.907686,1.160392,1.246250,1.294300,6.171417,1102.424074,0.000000,0.000000,0.000000,calls/second,milliseconds
