t,count,max,mean,min,stddev,p50,p75,p95,p98,p99,p999,mean_rate,m1_rate,m5_rate,m15_rate,rate_unit,duration_unit
1693679083,1000,15.762912,0.956505,0.374008,1.005211,0.821758,0.919565,1.201869,1.364225,1.829933,15.544055,373.611453,0.000000,0.000000,0.000000,calls/second,milliseconds
