t,count,max,mean,min,stddev,p50,p75,p95,p98,p99,p999,mean_rate,m1_rate,m5_rate,m15_rate,rate_unit,duration_unit
1696066841,1000,12.917403,0.863428,0.661372,0.404987,0.799436,0.867200,1.143856,1.193424,1.234355,1.592618,589.395063,0.000000,0.000000,0.000000,calls/second,milliseconds
