t,count,max,mean,min,stddev,p50,p75,p95,p98,p99,p999,mean_rate,m1_rate,m5_rate,m15_rate,rate_unit,duration_unit
1696066870,100,38.844457,24.007728,20.905619,3.493515,22.755237,24.769190,33.627451,37.793231,38.844457,38.844457,26.597519,0.000000,0.000000,0.000000,calls/second,milliseconds
