t,count,max,mean,min,stddev,p50,p75,p95,p98,p99,p999,mean_rate,m1_rate,m5_rate,m15_rate,rate_unit,duration_unit
1696072268,100,56.592389,23.268433,20.064398,4.067115,21.947670,23.675012,28.346375,29.992640,30.998840,56.592389,27.743338,0.000000,0.000000,0.000000,calls/second,milliseconds
