t,count,max,mean,min,stddev,p50,p75,p95,p98,p99,p999,mean_rate,m1_rate,m5_rate,m15_rate,rate_unit,duration_unit
1696066870,100,300.301318,240.192702,227.803154,13.917615,233.526070,243.567516,271.058340,277.896109,300.301318,300.301318,3.600074,3.992729,3.999676,3.999963,calls/second,milliseconds
