t,count,max,mean,min,stddev,p50,p75,p95,p98,p99,p999,mean_rate,m1_rate,m5_rate,m15_rate,rate_unit,duration_unit
1696072268,100,22.305457,12.991961,11.298378,1.847056,12.461835,13.289778,16.625792,19.393449,19.983258,22.305457,3.300720,13.184813,18.400888,19.452090,calls/second,milliseconds
