t,count,max,mean,min,stddev,p50,p75,p95,p98,p99,p999,mean_rate,m1_rate,m5_rate,m15_rate,rate_unit,duration_unit
1696072268,100,324.158342,253.522695,240.950711,18.796764,244.846043,251.242970,301.061970,308.639384,309.634915,324.158342,3.449304,3.843158,3.809701,3.803300,calls/second,milliseconds
