t,count,max,mean,min,stddev,p50,p75,p95,p98,p99,p999,mean_rate,m1_rate,m5_rate,m15_rate,rate_unit,duration_unit
1696066870,100,40.555672,15.495144,11.720822,5.708486,13.451384,15.782147,28.643964,37.427840,38.999351,40.555672,3.407513,14.330626,18.710140,19.560457,calls/second,milliseconds
