t,count,max,mean,min,stddev,p50,p75,p95,p98,p99,p999,mean_rate,m1_rate,m5_rate,m15_rate,rate_unit,duration_unit
1693413108,1000,8.897135,1.296697,0.711452,0.458607,1.205314,1.436837,1.800438,2.042956,2.247363,8.897135,443.753788,0.000000,0.000000,0.000000,calls/second,milliseconds
