t,count,max,mean,min,stddev,p50,p75,p95,p98,p99,p999,mean_rate,m1_rate,m5_rate,m15_rate,rate_unit,duration_unit
1693648963,1000,14.950095,1.306239,0.476413,0.555718,1.228812,1.469907,1.846853,2.027718,2.238715,14.950095,441.192825,0.000000,0.000000,0.000000,calls/second,milliseconds
