t,count,max,mean,min,stddev,p50,p75,p95,p98,p99,p999,mean_rate,m1_rate,m5_rate,m15_rate,rate_unit,duration_unit
1693413108,1000,178.662905,2.003500,1.046717,5.593678,1.652892,1.971341,2.907385,3.456899,4.314016,12.851084,231.054514,0.000000,0.000000,0.000000,calls/second,milliseconds
