t,count,max,mean,min,stddev,p50,p75,p95,p98,p99,p999,mean_rate,m1_rate,m5_rate,m15_rate,rate_unit,duration_unit
1693413108,1000,9.346955,0.912310,0.407170,0.393423,0.851769,0.923338,1.205296,1.318161,1.486523,7.159335,1062.236308,0.000000,0.000000,0.000000,calls/second,milliseconds
