t,count,max,mean,min,stddev,p50,p75,p95,p98,p99,p999,mean_rate,m1_rate,m5_rate,m15_rate,rate_unit,duration_unit
1693648963,1000,20.366237,0.911738,0.664031,0.645035,0.840344,0.928584,1.227168,1.277962,1.480046,20.366237,1059.461871,0.000000,0.000000,0.000000,calls/second,milliseconds
