t,count,max,mean,min,stddev,p50,p75,p95,p98,p99,p999,mean_rate,m1_rate,m5_rate,m15_rate,rate_unit,duration_unit
1693648963,1000,165.733870,1.961106,1.022191,5.197623,1.647377,1.919685,2.830769,3.607095,4.361621,13.819110,232.129126,0.000000,0.000000,0.000000,calls/second,milliseconds
