t,count,max,mean,min,stddev,p50,p75,p95,p98,p99,p999,mean_rate,m1_rate,m5_rate,m15_rate,rate_unit,duration_unit
1693648980,200,62.697491,20.130475,14.827126,4.854375,19.077011,20.504795,26.485945,36.645840,41.277277,62.697491,49.501786,0.000000,0.000000,0.000000,calls/second,milliseconds
