t,count,max,mean,min,stddev,p50,p75,p95,p98,p99,p999,mean_rate,m1_rate,m5_rate,m15_rate,rate_unit,duration_unit
1696072280,200,38.215319,18.798651,15.891070,2.365862,18.349518,19.588328,21.656591,23.826097,25.795401,38.215319,52.944565,0.000000,0.000000,0.000000,calls/second,milliseconds
