t,count,max,mean,min,stddev,p50,p75,p95,p98,p99,p999,mean_rate,m1_rate,m5_rate,m15_rate,rate_unit,duration_unit
1696066882,200,29.819599,20.184602,17.039834,1.963945,19.773243,20.906473,23.691207,27.125190,28.015771,29.819599,49.388769,0.000000,0.000000,0.000000,calls/second,milliseconds
