t,count,max,mean,min,stddev,p50,p75,p95,p98,p99,p999,mean_rate,m1_rate,m5_rate,m15_rate,rate_unit,duration_unit
1696072280,100,4.911525,1.784795,1.414347,0.549526,1.567980,1.741585,2.607588,2.710909,4.629446,4.911525,552.213565,0.000000,0.000000,0.000000,calls/second,milliseconds
