t,count,max,mean,min,stddev,p50,p75,p95,p98,p99,p999,mean_rate,m1_rate,m5_rate,m15_rate,rate_unit,duration_unit
1696066883,100,5.584242,1.978967,1.479433,0.613235,1.731814,2.337034,2.511860,2.598470,5.357627,5.584242,498.219657,0.000000,0.000000,0.000000,calls/second,milliseconds
