t,count,max,mean,min,stddev,p50,p75,p95,p98,p99,p999,mean_rate,m1_rate,m5_rate,m15_rate,rate_unit,duration_unit
1693679096,100,5.776413,2.097725,1.522639,0.618062,2.109647,2.301182,2.711948,2.872095,5.509581,5.776413,468.920661,0.000000,0.000000,0.000000,calls/second,milliseconds
