t,count,max,mean,min,stddev,p50,p75,p95,p98,p99,p999,mean_rate,m1_rate,m5_rate,m15_rate,rate_unit,duration_unit
1693679099,100,67.876291,29.816768,25.580344,6.887163,27.932984,29.384176,39.658379,49.654926,67.498543,67.876291,33.461333,0.000000,0.000000,0.000000,calls/second,milliseconds
