t,count,max,mean,min,stddev,p50,p75,p95,p98,p99,p999,mean_rate,m1_rate,m5_rate,m15_rate,rate_unit,duration_unit
1696072276,100,8.331892,4.760054,3.396438,1.049018,4.448463,5.396038,6.603993,7.702550,7.820372,8.331892,208.224377,0.000000,0.000000,0.000000,calls/second,milliseconds
