t,count,max,mean,min,stddev,p50,p75,p95,p98,p99,p999,mean_rate,m1_rate,m5_rate,m15_rate,rate_unit,duration_unit
1693679086,1000,10.353323,1.265602,0.973136,0.407911,1.188436,1.270761,1.737577,1.923091,1.996783,5.941105,783.149763,0.000000,0.000000,0.000000,calls/second,milliseconds
