t,count,max,mean,min,stddev,p50,p75,p95,p98,p99,p999,mean_rate,m1_rate,m5_rate,m15_rate,rate_unit,duration_unit
1696066871,100,8.289723,3.897883,2.763615,0.833666,3.953888,4.443997,4.740440,4.825036,7.030414,8.289723,252.959333,0.000000,0.000000,0.000000,calls/second,milliseconds
