t,count,max,mean,min,stddev,p50,p75,p95,p98,p99,p999,mean_rate,m1_rate,m5_rate,m15_rate,rate_unit,duration_unit
1696072270,100,18.135647,11.213837,9.506406,1.734995,10.578821,11.656167,14.683186,16.358062,17.712114,18.135647,88.884682,0.000000,0.000000,0.000000,calls/second,milliseconds
