t,count,max,mean,min,stddev,p50,p75,p95,p98,p99,p999,mean_rate,m1_rate,m5_rate,m15_rate,rate_unit,duration_unit
1696072269,100,9.513194,3.083872,2.012003,0.936769,2.842107,3.647845,4.011568,4.328712,6.491594,9.513194,318.445826,0.000000,0.000000,0.000000,calls/second,milliseconds
