t,count,max,mean,min,stddev,p50,p75,p95,p98,p99,p999,mean_rate,m1_rate,m5_rate,m15_rate,rate_unit,duration_unit
1693679095,200,37.083222,18.522577,14.008815,2.435221,18.415880,19.502929,21.811506,23.835077,30.022411,37.083222,53.746787,0.000000,0.000000,0.000000,calls/second,milliseconds
