t,count,max,mean,min,stddev,p50,p75,p95,p98,p99,p999,mean_rate,m1_rate,m5_rate,m15_rate,rate_unit,duration_unit
1696072280,100,9.271770,1.691530,1.344037,0.883582,1.546520,1.626958,2.068957,2.782180,5.485729,9.271770,517.152835,0.000000,0.000000,0.000000,calls/second,milliseconds
