t,count,max,mean,min,stddev,p50,p75,p95,p98,p99,p999,mean_rate,m1_rate,m5_rate,m15_rate,rate_unit,duration_unit
1696072275,100,62.691112,43.764436,40.739167,3.105874,42.815459,43.260192,49.293301,58.612357,62.691112,62.691112,22.833903,0.000000,0.000000,0.000000,calls/second,milliseconds
