t,count,max,mean,min,stddev,p50,p75,p95,p98,p99,p999,mean_rate,m1_rate,m5_rate,m15_rate,rate_unit,duration_unit
1693679083,100,9.520634,2.999088,2.143220,1.183607,2.547541,3.287410,5.350160,7.266112,7.637739,9.520634,327.215779,0.000000,0.000000,0.000000,calls/second,milliseconds
