t,count,max,mean,min,stddev,p50,p75,p95,p98,p99,p999,mean_rate,m1_rate,m5_rate,m15_rate,rate_unit,duration_unit
1696066878,100,7.050407,4.622783,2.504332,1.184591,4.872740,5.595477,6.145077,6.354449,6.805972,7.050407,214.406438,0.000000,0.000000,0.000000,calls/second,milliseconds
