t,count,max,mean,min,stddev,p50,p75,p95,p98,p99,p999,mean_rate,m1_rate,m5_rate,m15_rate,rate_unit,duration_unit
1696066883,100,11.165966,1.907871,1.477767,1.004858,1.741392,1.882403,2.222196,2.797412,5.076433,11.165966,453.358122,0.000000,0.000000,0.000000,calls/second,milliseconds
