t,count,max,mean,min,stddev,p50,p75,p95,p98,p99,p999,mean_rate,m1_rate,m5_rate,m15_rate,rate_unit,duration_unit
1696072271,1000,15.321073,1.133084,0.828440,0.592303,1.035159,1.124979,1.715350,1.963716,2.352269,8.292143,874.131818,0.000000,0.000000,0.000000,calls/second,milliseconds
