t,count,max,mean,min,stddev,p50,p75,p95,p98,p99,p999,mean_rate,m1_rate,m5_rate,m15_rate,rate_unit,duration_unit
1696066873,1000,5.309531,1.032537,0.823630,0.240566,0.992563,1.057919,1.214769,1.583258,1.718175,4.640019,960.041027,0.000000,0.000000,0.000000,calls/second,milliseconds
