t,count,max,mean,min,stddev,p50,p75,p95,p98,p99,p999,mean_rate,m1_rate,m5_rate,m15_rate,rate_unit,duration_unit
1696066878,100,78.041076,46.361950,42.156885,4.992136,44.418596,47.914953,54.282486,63.769206,78.041076,78.041076,21.568209,0.000000,0.000000,0.000000,calls/second,milliseconds
