t,count,max,mean,min,stddev,p50,p75,p95,p98,p99,p999,mean_rate,m1_rate,m5_rate,m15_rate,rate_unit,duration_unit
1696072283,100,70.412019,26.560188,23.931190,5.445421,24.714298,26.762749,32.668829,39.896529,43.267957,70.412019,37.558760,0.000000,0.000000,0.000000,calls/second,milliseconds
