t,count,max,mean,min,stddev,p50,p75,p95,p98,p99,p999,mean_rate,m1_rate,m5_rate,m15_rate,rate_unit,duration_unit
1693679085,100,28.396277,13.683750,11.250715,2.621752,13.060692,14.263057,20.035996,21.917714,22.986356,28.396277,72.836192,0.000000,0.000000,0.000000,calls/second,milliseconds
