t,count,max,mean,min,stddev,p50,p75,p95,p98,p99,p999,mean_rate,m1_rate,m5_rate,m15_rate,rate_unit,duration_unit
1696066872,100,35.104419,12.949575,9.940961,3.924231,11.998424,13.384862,19.963477,26.676819,31.335638,35.104419,76.936431,0.000000,0.000000,0.000000,calls/second,milliseconds
