t,count,max,mean,min,stddev,p50,p75,p95,p98,p99,p999,mean_rate,m1_rate,m5_rate,m15_rate,rate_unit,duration_unit
1693679091,100,50.952260,4.023153,2.804198,4.792377,3.291670,3.724043,5.261112,6.571599,9.272682,50.952260,246.567023,0.000000,0.000000,0.000000,calls/second,milliseconds
