t,count,max,mean,min,stddev,p50,p75,p95,p98,p99,p999,mean_rate,m1_rate,m5_rate,m15_rate,rate_unit,duration_unit
1696066885,100,37.385211,26.107912,24.254743,2.483619,25.060394,26.260217,31.501780,33.659035,37.189154,37.385211,38.234202,0.000000,0.000000,0.000000,calls/second,milliseconds
