t,count,max,mean,min,stddev,p50,p75,p95,p98,p99,p999,mean_rate,m1_rate,m5_rate,m15_rate,rate_unit,duration_unit
1693679091,100,62.829940,50.886229,45.569362,3.416373,50.320000,53.017594,56.419396,59.393206,60.009900,62.829940,19.628716,19.600000,19.600000,19.600000,calls/second,milliseconds
