t,count,max,mean,min,stddev,p50,p75,p95,p98,p99,p999,mean_rate,m1_rate,m5_rate,m15_rate,rate_unit,duration_unit
1693648968,1000,4.197936,0.848910,0.631688,0.184207,0.793913,0.886619,1.148444,1.213827,1.251186,1.802636,619.843981,0.000000,0.000000,0.000000,calls/second,milliseconds
