t,count,max,mean,min,stddev,p50,p75,p95,p98,p99,p999,mean_rate,m1_rate,m5_rate,m15_rate,rate_unit,duration_unit
1693413112,1000,18.197273,1.093508,0.749341,0.616156,1.025281,1.150313,1.408509,1.533552,1.638603,5.672405,275.520710,0.000000,0.000000,0.000000,calls/second,milliseconds
