t,count,max,mean,min,stddev,p50,p75,p95,p98,p99,p999,mean_rate,m1_rate,m5_rate,m15_rate,rate_unit,duration_unit
1693648968,1000,5.792175,0.874496,0.449553,0.215194,0.821798,0.888764,1.179430,1.243024,1.323423,1.838936,400.691226,0.000000,0.000000,0.000000,calls/second,milliseconds
