t,count,max,mean,min,stddev,p50,p75,p95,p98,p99,p999,mean_rate,m1_rate,m5_rate,m15_rate,rate_unit,duration_unit
1693648968,1000,6.572385,1.126457,0.743640,0.363873,1.047875,1.236304,1.569233,1.729378,1.958105,5.947002,275.454135,0.000000,0.000000,0.000000,calls/second,milliseconds
