t,count,max,mean,min,stddev,p50,p75,p95,p98,p99,p999,mean_rate,m1_rate,m5_rate,m15_rate,rate_unit,duration_unit
1693413112,1000,7.995449,0.825951,0.429927,0.276834,0.769743,0.839641,1.118365,1.193921,1.335197,2.282095,395.568117,0.000000,0.000000,0.000000,calls/second,milliseconds
