t,count,max,mean,min,stddev,p50,p75,p95,p98,p99,p999,mean_rate,m1_rate,m5_rate,m15_rate,rate_unit,duration_unit
1693413118,100,6.289010,1.342189,1.017669,0.697785,1.202699,1.288057,1.591902,1.932208,5.919157,6.289010,730.887794,0.000000,0.000000,0.000000,calls/second,milliseconds
