t,count,max,mean,min,stddev,p50,p75,p95,p98,p99,p999,mean_rate,m1_rate,m5_rate,m15_rate,rate_unit,duration_unit
1693413121,100,50.612579,27.628109,24.590131,4.361356,26.300297,27.824237,38.383879,44.618122,44.704574,50.612579,36.144500,0.000000,0.000000,0.000000,calls/second,milliseconds
