t,count,max,mean,min,stddev,p50,p75,p95,p98,p99,p999,mean_rate,m1_rate,m5_rate,m15_rate,rate_unit,duration_unit
1693648984,100,68.270074,30.489592,25.687776,5.786070,28.956208,31.348359,38.919909,49.339471,49.508394,68.270074,32.711655,0.000000,0.000000,0.000000,calls/second,milliseconds
